Length,Word,Pattern,Syllable_count
2,اب,,
2,اش,,
2,ال,,
2,بز,,
2,به,,
2,بژ,,
2,تب,,
2,جک,,
2,خر,,
2,خط,,
2,خل,,
2,دل,,
2,ده,,
2,دو,,
2,رز,,
2,ری,,
2,زر,,
2,زن,,
2,سر,,
2,سن,,
2,سه,,
2,سگ,,
2,شش,,
2,شک,,
2,صد,,
2,فر,,
2,فک,,
2,قم,,
2,لر,,
2,لی,,
2,مو,,
2,نر,,
2,نه,,
2,وب,,
2,پا,,
2,پر,,
2,چک,,
2,کت,,
2,کر,,
2,کف,,
2,کم,,
2,گز,,
2,گل,,
2,یخ,,
2,یک,,
3,ابد,,
3,ابی,,
3,اتش,,
3,اتو,,
3,اجر,,
3,اخر,,
3,اخم,,
3,ادب,,
3,ادم,,
3,اذر,,
3,ارد,,
3,ارس,,
3,ارش,,
3,اره,,
3,ارگ,,
3,اسب,,
3,اسم,,
3,اشک,,
3,اغل,,
3,افق,,
3,الو,,
3,امر,,
3,اهو,,
3,ایت,,
3,ایه,,
3,باد,,
3,بار,,
3,باز,,
3,بال,,
3,بام,,
3,بدل,,
3,بدن,,
3,برج,,
3,برد,,
3,برش,,
3,برف,,
3,برق,,
3,بره,,
3,برگ,,
3,بشر,,
3,بنا,,
3,بند,,
3,بوق,,
3,بچه,,
3,بیخ,,
3,بید,,
3,بیل,,
3,تاب,,
3,تاج,,
3,تاس,,
3,تخم,,
3,ترس,,
3,ترش,,
3,تره,,
3,تست,,
3,تشک,,
3,تمر,,
3,تند,,
3,تنگ,,
3,تهی,,
3,توت,,
3,تور,,
3,توپ,,
3,تپش,,
3,تپل,,
3,تیر,,
3,تیغ,,
3,تیپ,,
3,جان,,
3,جرم,,
3,جسم,,
3,جشن,,
3,جغد,,
3,جلد,,
3,جنس,,
3,جنگ,,
3,جوی,,
3,جگر,,
3,جیب,,
3,جیغ,,
3,حرم,,
3,حسد,,
3,حسن,,
3,حفظ,,
3,حمل,,
3,حکم,,
3,خاش,,
3,خاص,,
3,خال,,
3,خان,,
3,خاک,,
3,خدا,,
3,خرس,,
3,خشم,,
3,خشن,,
3,خشک,,
3,خطا,,
3,خنک,,
3,خوب,,
3,خون,,
3,خوک,,
3,خیر,,
3,دار,,
3,دام,,
3,درب,,
3,درد,,
3,درس,,
3,دشت,,
3,دعا,,
3,دقت,,
3,دما,,
3,دمر,,
3,دمی,,
3,دنا,,
3,دود,,
3,دوش,,
3,دوغ,,
3,دکل,,
3,دیر,,
3,دیس,,
3,دیش,,
3,دین,,
3,ذهن,,
3,رام,,
3,راه,,
3,رخش,,
3,رشت,,
3,رشد,,
3,رضا,,
3,رقص,,
3,رمز,,
3,رنج,,
3,رنو,,
3,رنگ,,
3,رها,,
3,رهن,,
3,روا,,
3,رود,,
3,روس,,
3,روش,,
3,ریس,,
3,ریش,,
3,ریل,,
3,ریه,,
3,ریگ,,
3,زرد,,
3,زری,,
3,زنگ,,
3,زهر,,
3,زوج,,
3,زود,,
3,زیپ,,
3,سال,,
3,سبد,,
3,سبز,,
3,سدر,,
3,سرب,,
3,سرخ,,
3,سرد,,
3,سطر,,
3,سطل,,
3,سمی,,
3,سنا,,
3,سند,,
3,سنگ,,
3,سود,,
3,سوپ,,
3,سکه,,
3,سکو,,
3,سگا,,
3,سیب,,
3,سیخ,,
3,سیر,,
3,سیل,,
3,شاد,,
3,شال,,
3,شام,,
3,شاه,,
3,شته,,
3,شرب,,
3,شرف,,
3,شله,,
3,شمس,,
3,شمع,,
3,شنا,,
3,شهر,,
3,شوت,,
3,شوخ,,
3,شور,,
3,شوک,,
3,شکر,,
3,شکم,,
3,شیب,,
3,شیخ,,
3,شیر,,
3,شیک,,
3,صبح,,
3,صفا,,
3,صوت,,
3,ضبط,,
3,ضمه,,
3,طرح,,
3,طلا,,
3,طمع,,
3,طیف,,
3,عدس,,
3,عرض,,
3,عزت,,
3,عسل,,
3,عشق,,
3,عضو,,
3,عطر,,
3,علی,,
3,عمق,,
3,عمل,,
3,عمه,,
3,عمو,,
3,عکس,,
3,غرب,,
3,فاز,,
3,فال,,
3,فدا,,
3,فرش,,
3,فرض,,
3,فصل,,
3,فضا,,
3,فلش,,
3,فنر,,
3,فنس,,
3,فنی,,
3,فکر,,
3,فیش,,
3,فیل,,
3,قاب,,
3,قصر,,
3,قطر,,
3,قفل,,
3,قلب,,
3,قلم,,
3,قله,,
3,قند,,
3,قوت,,
3,قوی,,
3,لات,,
3,لبو,,
3,لطف,,
3,لغت,,
3,لنگ,,
3,لوس,,
3,لگد,,
3,لیر,,
3,لیز,,
3,مات,,
3,مار,,
3,ماه,,
3,مبل,,
3,متل,,
3,متن,,
3,مدت,,
3,مرد,,
3,مرغ,,
3,مری,,
3,مزد,,
3,مزه,,
3,مست,,
3,مسن,,
3,مسی,,
3,مصر,,
3,مغز,,
3,ملت,,
3,ملخ,,
3,ملک,,
3,منچ,,
3,مهر,,
3,مهم,,
3,مهو,,
3,موج,,
3,مور,,
3,موز,,
3,موش,,
3,مکه,,
3,مگس,,
3,میت,,
3,میز,,
3,میل,,
3,مین,,
3,ناب,,
3,ناز,,
3,نام,,
3,نان,,
3,نبی,,
3,نثر,,
3,نجس,,
3,نخی,,
3,نرخ,,
3,نرم,,
3,نشت,,
3,نصب,,
3,نصف,,
3,نفس,,
3,نقل,,
3,نوا,,
3,نور,,
3,نوش,,
3,نول,,
3,نوک,,
3,نیش,,
3,نیم,,
3,هار,,
3,هتل,,
3,هدف,,
3,هشت,,
3,هضم,,
3,هفت,,
3,هلو,,
3,هند,,
3,هنر,,
3,هوا,,
3,هوش,,
3,وات,,
3,وام,,
3,وان,,
3,وجه,,
3,ورق,,
3,ورم,,
3,وزن,,
3,وسط,,
3,وقت,,
3,پاس,,
3,پاک,,
3,پتو,,
3,پتک,,
3,پخش,,
3,پدر,,
3,پرش,,
3,پره,,
3,پرو,,
3,پری,,
3,پست,,
3,پشت,,
3,پشه,,
3,پلک,,
3,پنج,,
3,پند,,
3,پهن,,
3,پول,,
3,پوچ,,
3,پوک,,
3,پژو,,
3,پکن,,
3,پیت,,
3,پیر,,
3,پیس,,
3,پیل,,
3,پیچ,,
3,پیک,,
3,چاد,,
3,چاه,,
3,چاپ,,
3,چای,,
3,چتر,,
3,چرب,,
3,چرخ,,
3,چسب,,
3,چشم,,
3,چلو,,
3,چمن,,
3,چنگ,,
3,چوب,,
3,چکش,,
3,چین,,
3,ژله,,
3,کاخ,,
3,کار,,
3,کال,,
3,کام,,
3,کبد,,
3,کبر,,
3,کبه,,
3,کبک,,
3,کدر,,
3,کدو,,
3,کرد,,
3,کره,,
3,کسر,,
3,کشت,,
3,کشف,,
3,کشو,,
3,کشک,,
3,کفا,,
3,کفش,,
3,کفن,,
3,کمر,,
3,کمپ,,
3,کند,,
3,کهر,,
3,کور,,
3,کول,,
3,کوه,,
3,کپل,,
3,کپی,,
3,کچل,,
3,کیس,,
3,کیش,,
3,کیف,,
3,کیک,,
3,گاز,,
3,گاو,,
3,گرز,,
3,گرم,,
3,گرگ,,
3,گسل,,
3,گلف,,
3,گلو,,
3,گوش,,
3,گیر,,
3,یاد,,
3,یاس,,
3,یخی,,
3,یمن,,
4,ابان,,
4,ابرو,,
4,اتاق,,
4,اجاق,,
4,اجرا,,
4,اجری,,
4,احمق,,
4,اخوی,,
4,اخگر,,
4,اخیر,,
4,ادبی,,
4,ادمک,,
4,اذین,,
4,اراد,,
4,ارام,,
4,ارتش,,
4,اردن,,
4,اردو,,
4,اردک,,
4,ارزو,,
4,ارشا,,
4,ارشد,,
4,اریو,,
4,ازاد,,
4,ازار,,
4,اسکی,,
4,اسیا,,
4,اسیب,,
4,اسید,,
4,اشتی,,
4,اشرف,,
4,اشنا,,
4,اشپز,,
4,اشیا,,
4,اصلی,,
4,اعضا,,
4,اغاز,,
4,اغلب,,
4,اغوش,,
4,الاغ,,
4,الگو,,
4,امام,,
4,امان,,
4,املت,,
4,امید,,
4,امیر,,
4,امین,,
4,انار,,
4,انبه,,
4,انتر,,
4,انتن,,
4,انجی,,
4,اندک,,
4,انگل,,
4,اهنگ,,
4,اوار,,
4,اچار,,
4,اژیر,,
4,اکبر,,
4,ایات,,
4,ایام,,
4,ایتا,,
4,ایتم,,
4,ایده,,
4,ایرج,,
4,ایست,,
4,ایمن,,
4,اینچ,,
4,ایین,,
4,بارش,,
4,بازی,,
4,باطل,,
4,باقر,,
4,بالغ,,
4,بالن,,
4,برفی,,
4,برنا,,
4,برنج,,
4,بسیج,,
4,بطری,,
4,بلند,,
4,بلوط,,
4,بلوچ,,
4,بلیز,,
4,بلیط,,
4,بندر,,
4,بنفش,,
4,بهار,,
4,بهشت,,
4,بهمن,,
4,بوته,,
4,بوکس,,
4,بیضی,,
4,بیمه,,
4,بینی,,
4,بیژن,,
4,تابع,,
4,تاجر,,
4,تامل,,
4,تاول,,
4,تخته,,
4,تراس,,
4,تراش,,
4,ترشی,,
4,ترنج,,
4,تفرش,,
4,تقوا,,
4,تلاش,,
4,تلفن,,
4,تماس,,
4,تمشک,,
4,تنبل,,
4,تندر,,
4,تنها,,
4,تنیس,,
4,توان,,
4,توجه,,
4,توری,,
4,تونس,,
4,تیبا,,
4,تیره,,
4,تیشه,,
4,تیله,,
4,تیوپ,,
4,ثروت,,
4,جارو,,
4,جامد,,
4,جدول,,
4,جعبه,,
4,جعفر,,
4,جغور,,
4,جمله,,
4,جنگل,,
4,جهان,,
4,جواب,,
4,جوان,,
4,جوجه,,
4,جودو,,
4,جوهر,,
4,جگری,,
4,جیره,,
4,جیوه,,
4,حاجی,,
4,حافظ,,
4,حباب,,
4,حرکت,,
4,حسین,,
4,حشره,,
4,حصار,,
4,حصیر,,
4,حفاظ,,
4,حقوق,,
4,حلقه,,
4,حلوا,,
4,حلیم,,
4,حمام,,
4,حمید,,
4,حیات,,
4,حیاط,,
4,خارش,,
4,خارک,,
4,خالص,,
4,خاله,,
4,خامه,,
4,خانه,,
4,خاکی,,
4,خبری,,
4,خراش,,
4,خرما,,
4,خروج,,
4,خروش,,
4,خسته,,
4,خسرو,,
4,خشاب,,
4,خطاط,,
4,خفاش,,
4,خلاق,,
4,خلوت,,
4,خموش,,
4,خنجر,,
4,خنده,,
4,خودی,,
4,خورش,,
4,خونی,,
4,خویش,,
4,خیار,,
4,خیام,,
4,خیمه,,
4,دارت,,
4,دامن,,
4,دانا,,
4,دانش,,
4,دانه,,
4,داور,,
4,دایی,,
4,دربی,,
4,درجه,,
4,درخت,,
4,درنگ,,
4,دریا,,
4,دسته,,
4,دشمن,,
4,دلار,,
4,دلمه,,
4,دماغ,,
4,دنده,,
4,دنیا,,
4,دهان,,
4,دودی,,
4,دوری,,
4,دوست,,
4,دوغی,,
4,دچار,,
4,دکمه,,
4,دیار,,
4,دیزی,,
4,رازی,,
4,رالی,,
4,رانا,,
4,رانت,,
4,رانش,,
4,راوی,,
4,راکت,,
4,ربات,,
4,رتیل,,
4,رحمت,,
4,ردیف,,
4,رستم,,
4,رشته,,
4,رشتی,,
4,رشوه,,
4,رشید,,
4,رعنا,,
4,رفیق,,
4,رمان,,
4,روان,,
4,روده,,
4,روشن,,
4,روغن,,
4,رولت,,
4,رویا,,
4,رویش,,
4,رکاب,,
4,ریال,,
4,ریزش,,
4,ریشه,,
4,ریکا,,
4,زاری,,
4,زبان,,
4,زرشک,,
4,زرنگ,,
4,زشتی,,
4,زغال,,
4,زمان,,
4,زمین,,
4,زیبا,,
4,زیره,,
4,ساتن,,
4,ساحل,,
4,ساخت,,
4,سارا,,
4,ساعت,,
4,سالم,,
4,ساکت,,
4,ساکن,,
4,سایت,,
4,سایه,,
4,سبزه,,
4,ستون,,
4,سجاد,,
4,سدری,,
4,سراب,,
4,سران,,
4,سربی,,
4,سرعت,,
4,سرما,,
4,سرود,,
4,سروش,,
4,سفید,,
4,سفیر,,
4,سلام,,
4,سمند,,
4,سمنو,,
4,سمور,,
4,سنجد,,
4,سنگک,,
4,سهام,,
4,سواد,,
4,سوال,,
4,سوتی,,
4,سودا,,
4,سورن,,
4,سوزن,,
4,سوسک,,
4,سومو,,
4,سونا,,
4,سویا,,
4,سپید,,
4,سکوت,,
4,سیاه,,
4,سیما,,
4,سیکل,,
4,شاخه,,
4,شاخک,,
4,شارژ,,
4,شامی,,
4,شانس,,
4,شانه,,
4,شاکر,,
4,شبکه,,
4,شتاب,,
4,شربت,,
4,شرور,,
4,شروع,,
4,شرکا,,
4,شرکت,,
4,شریف,,
4,شفته,,
4,شفقی,,
4,شلوغ,,
4,شلیل,,
4,شلیک,,
4,شمار,,
4,شمال,,
4,شناس,,
4,شنوا,,
4,شهاب,,
4,شهرت,,
4,شهره,,
4,شهرک,,
4,شهید,,
4,شوخی,,
4,شورا,,
4,شورش,,
4,شوره,,
4,شوهر,,
4,شکاف,,
4,شکست,,
4,شگرد,,
4,شیاد,,
4,شیار,,
4,شیدا,,
4,شیره,,
4,شیری,,
4,شیلی,,
4,شیما,,
4,شیوا,,
4,صادر,,
4,صادق,,
4,صحرا,,
4,صحنه,,
4,صخره,,
4,صورت,,
4,ضامن,,
4,ضربه,,
4,ضریب,,
4,طاها,,
4,طراح,,
4,طلوع,,
4,طناب,,
4,عابر,,
4,عاقل,,
4,عالی,,
4,عباس,,
4,عبرت,,
4,عجیب,,
4,عدسی,,
4,عراق,,
4,عروس,,
4,علوم,,
4,عمان,,
4,عوام,,
4,غایب,,
4,غرور,,
4,غلور,,
4,غیبت,,
4,فارس,,
4,فایل,,
4,فرار,,
4,فردا,,
4,فریز,,
4,فساد,,
4,فشار,,
4,فلوت,,
4,فندق,,
4,فیلم,,
4,قارچ,,
4,قاشق,,
4,قالب,,
4,قالی,,
4,قایق,,
4,قبرس,,
4,قبله,,
4,قبول,,
4,قران,,
4,قرمز,,
4,قرمه,,
4,قصاب,,
4,قطره,,
4,قلیل,,
4,قنبر,,
4,قهوه,,
4,قیام,,
4,قیسی,,
4,قیمت,,
4,قیمه,,
4,قیچی,,
4,لابی,,
4,لادن,,
4,لازم,,
4,لامپ,,
4,لانه,,
4,لجنی,,
4,لشکر,,
4,لغات,,
4,لنگر,,
4,لواش,,
4,لوتی,,
4,لوزی,,
4,لوله,,
4,لیبی,,
4,لیتر,,
4,لیزر,,
4,لیست,,
4,لیمو,,
4,مادر,,
4,ماست,,
4,ماشی,,
4,ماهی,,
4,مایع,,
4,مایه,,
4,مایو,,
4,مترو,,
4,متکی,,
4,متین,,
4,مثبت,,
4,مجدد,,
4,مجری,,
4,مجله,,
4,محمد,,
4,مخدر,,
4,مداد,,
4,مدار,,
4,مدال,,
4,مدبر,,
4,مدرک,,
4,مدیر,,
4,مذکر,,
4,مربا,,
4,مربی,,
4,مردم,,
4,مرزه,,
4,مروت,,
4,مزار,,
4,مسجد,,
4,مسیر,,
4,مشتی,,
4,مشکی,,
4,مطلع,,
4,معاد,,
4,معدن,,
4,معما,,
4,ملات,,
4,ملکه,,
4,منتو,,
4,منفی,,
4,منها,,
4,منکر,,
4,مهیا,,
4,مهیج,,
4,موثر,,
4,موذن,,
4,مورد,,
4,موسی,,
4,موشک,,
4,موضع,,
4,مونث,,
4,مونس,,
4,مژکی,,
4,مکان,,
4,مکعب,,
4,میهن,,
4,میوه,,
4,ناخن,,
4,نارس,,
4,ناصر,,
4,نایب,,
4,نبات,,
4,نجات,,
4,نجار,,
4,نجوم,,
4,ندرت,,
4,نرده,,
4,نروژ,,
4,نرگس,,
4,نزول,,
4,نسیم,,
4,نشان,,
4,نفرت,,
4,نقاش,,
4,نقره,,
4,نقشه,,
4,نقطه,,
4,نمره,,
4,نهال,,
4,نهنگ,,
4,نوار,,
4,نوبت,,
4,نوید,,
4,نگاه,,
4,نگرش,,
4,نیرو,,
4,نیلی,,
4,نیما,,
4,نیکا,,
4,هاجر,,
4,هارد,,
4,هاکی,,
4,هجری,,
4,هجوم,,
4,هدیه,,
4,هراس,,
4,هرمز,,
4,هرگز,,
4,هزار,,
4,هسته,,
4,هلال,,
4,هلند,,
4,همسر,,
4,همگن,,
4,هومن,,
4,هویج,,
4,واحد,,
4,واضع,,
4,وانت,,
4,واکس,,
4,وزیر,,
4,ووشو,,
4,وکیل,,
4,ویزا,,
4,ویلا,,
4,پارو,,
4,پارک,,
4,پازل,,
4,پاکت,,
4,پرسش,,
4,پرچم,,
4,پریز,,
4,پزشک,,
4,پسته,,
4,پستی,,
4,پشتک,,
4,پشتی,,
4,پشمک,,
4,پشکل,,
4,پلاک,,
4,پلنگ,,
4,پلیس,,
4,پماد,,
4,پنیر,,
4,پهنا,,
4,پوست,,
4,پوشش,,
4,پوشه,,
4,پونز,,
4,پوکر,,
4,پویا,,
4,پیاز,,
4,پیست,,
4,پیچک,,
4,چادر,,
4,چاقو,,
4,چامه,,
4,چراغ,,
4,چرخش,,
4,چرند,,
4,چفیه,,
4,چماق,,
4,چنار,,
4,چنبر,,
4,چنگک,,
4,چهار,,
4,چوبی,,
4,چکمه,,
4,چیکو,,
4,ژاپن,,
4,ژاکت,,
4,ژتون,,
4,کاتر,,
4,کارت,,
4,کارد,,
4,کاست,,
4,کاشف,,
4,کاظم,,
4,کاغذ,,
4,کافر,,
4,کافه,,
4,کاهو,,
4,کاور,,
4,کاچی,,
4,کباب,,
4,کبود,,
4,کتاب,,
4,کتان,,
4,کثیر,,
4,کثیف,,
4,کربن,,
4,کرمی,,
4,کریم,,
4,کشتی,,
4,کفاش,,
4,کلاس,,
4,کلاه,,
4,کلمه,,
4,کلنگ,,
4,کلوخ,,
4,کلید,,
4,کلیه,,
4,کلیپ,,
4,کلیک,,
4,کمان,,
4,کمیل,,
4,کنار,,
4,کهنه,,
4,کوبا,,
4,کودن,,
4,کوسه,,
4,کوشش,,
4,کولر,,
4,کویت,,
4,کویر,,
4,کپچر,,
4,کیان,,
4,کیسه,,
4,کینه,,
4,کیوی,,
4,گاری,,
4,گالن,,
4,گذشت,,
4,گراز,,
4,گران,,
4,گربه,,
4,گردش,,
4,گردن,,
4,گردو,,
4,گرما,,
4,گرمک,,
4,گروه,,
4,گریم,,
4,گشاد,,
4,گلاب,,
4,گمان,,
4,گمرک,,
4,گناه,,
4,گوجه,,
4,گوزن,,
4,گوشت,,
4,گوشه,,
4,گونه,,
4,گوهر,,
4,گیاه,,
4,گیرا,,
4,گیره,,
4,گینه,,
4,یابو,,
4,یارو,,
4,یاور,,
4,یتیم,,
4,یشمی,,
4,یلدا,,
4,یواش,,
4,یوای,,
4,یورش,,
4,یورو,,
4,یونس,,
4,یکتا,,
5, میان,,
5, نماز,,
5,ابدار,,
5,ابدوغ,,
5,ابستن,,
5,ابهام,,
5,ابپاش,,
5,ابیار,,
5,اتحاد,,
5,اتریش,,
5,احساس,,
5,ادامه,,
5,ادمکش,,
5,اذرخش,,
5,ارایش,,
5,ارایه,,
5,ارباب,,
5,ارزان,,
5,ارسال,,
5,ارشام,,
5,ارشیا,,
5,ارمان,,
5,اروند,,
5,ازمون,,
5,ازگیل,,
5,استاد,,
5,استان,,
5,استیل,,
5,اسلام,,
5,اسوده,,
5,اسکلت,,
5,اسکله,,
5,اسکنر,,
5,اشغال,,
5,اشکنه,,
5,افشار,,
5,البرز,,
5,البوم,,
5,الزام,,
5,الفبا,,
5,الماس,,
5,المان,,
5,الوکک,,
5,الویت,,
5,امریه,,
5,امنیت,,
5,انتها,,
5,انجام,,
5,انجیر,,
5,انگشت,,
5,انگور,,
5,اهمیت,,
5,اهنگر,,
5,اوبشن,,
5,اولیا,,
5,اژدها,,
5,ایراد,,
5,ایسوس,,
5,ایمنی,,
5,ایوان,,
5,ایینه,,
5,باتری,,
5,بادام,,
5,باران,,
5,باربر,,
5,بارکش,,
5,بازار,,
5,باغچه,,
5,بالنگ,,
5,بالکن,,
5,بامیه,,
5,بانمک,,
5,بانوج,,
5,بحرین,,
5,بخاری,,
5,برادر,,
5,بربری,,
5,بردیا,,
5,برزیل,,
5,برنجی,,
5,برنده,,
5,برنزی,,
5,بستنی,,
5,بشقاب,,
5,بقالی,,
5,بلندی,,
5,بلژیک,,
5,بهانه,,
5,بهداد,,
5,بهرام,,
5,بهروز,,
5,بوسنی,,
5,بوشهر,,
5,بیمار,,
5,تابلو,,
5,تاریخ,,
5,تاریک,,
5,تالیم,,
5,تامین,,
5,تانکر,,
5,تاوان,,
5,تاکسی,,
5,تبریک,,
5,تحریر,,
5,ترسیم,,
5,ترکیه,,
5,ترگیل,,
5,تشریف,,
5,تصادف,,
5,تصویر,,
5,تفریح,,
5,تقسیم,,
5,تماشا,,
5,تمایل,,
5,تمرین,,
5,تمساح,,
5,تناسب,,
5,تندرو,,
5,تنظیم,,
5,تهران,,
5,توافق,,
5,توانا,,
5,تومان,,
5,تکاور,,
5,تکرار,,
5,تکمیل,,
5,تیمار,,
5,ثانیه,,
5,جانور,,
5,جاوید,,
5,جراحی,,
5,جریمه,,
5,جزیره,,
5,جستجو,,
5,جمهور,,
5,جوراب,,
5,حافظه,,
5,حرارت,,
5,حلزون,,
5,حلوای,,
5,حنایی,,
5,خاموش,,
5,خربزه,,
5,خردلی,,
5,خرگوش,,
5,خزنده,,
5,خط کش,,
5,خلبان,,
5,خواهر,,
5,خوراک,,
5,داماد,,
5,داوری,,
5,دایره,,
5,دربست,,
5,درمان,,
5,درنده,,
5,درویش,,
5,دریبل,,
5,دستور,,
5,دستکش,,
5,دشوار,,
5,دقیقه,,
5,دلاور,,
5,دلخور,,
5,دلخوش,,
5,دلفین,,
5,دنیوی,,
5,دوران,,
5,دینار,,
5,راحتی,,
5,رادیو,,
5,راسوی,,
5,رامین,,
5,راهرو,,
5,راهزن,,
5,ردیاب,,
5,رفتار,,
5,رنگین,,
5,روانی,,
5,روستا,,
5,روسری,,
5,روسیه,,
5,رومان,,
5,روکشی,,
5,ریاست,,
5,ریاضی,,
5,ریحان,,
5,ریموت,,
5,زامبی,,
5,زباله,,
5,زرافه,,
5,زرشکی,,
5,زرگیل,,
5,زغالی,,
5,زنبور,,
5,زنجیر,,
5,زندان,,
5,زندگی,,
5,زیتون,,
5,ساختن,,
5,سامبو,,
5,ساینا,,
5,سایپا,,
5,ستاره,,
5,سراتو,,
5,سرایت,,
5,سربند,,
5,سرتیپ,,
5,سرحال,,
5,سرهنگ,,
5,سروان,,
5,سرپیچ,,
5,سفیدی,,
5,سلامت,,
5,سماور,,
5,سمنان,,
5,سنتور,,
5,سنجاب,,
5,سودان,,
5,سوریه,,
5,سوهان,,
5,سی دی,,
5,سیاره,,
5,سیاست,,
5,سیاهی,,
5,سیزده,,
5,سیستم,,
5,سینما,,
5,شاداب,,
5,شارژر,,
5,شانسی,,
5,شاهین,,
5,شاگرد,,
5,شرابی,,
5,شطرنج,,
5,شلوار,,
5,شماره,,
5,شمشیر,,
5,شن کش,,
5,شناگر,,
5,شهادت,,
5,شکراب,,
5,شکلات,,
5,شکوفه,,
5,شیرجه,,
5,شیرین,,
5,شیفته,,
5,صابون,,
5,صتدلی,,
5,صمیمی,,
5,صندوق,,
5,صورتی,,
5,طالبی,,
5,طبیعت,,
5,طلایی,,
5,طومار,,
5,عبارت,,
5,علامت,,
5,عنابی,,
5,غمگین,,
5,غواصی,,
5,فاطمه,,
5,فامیل,,
5,فدایی,,
5,فراری,,
5,فرشته,,
5,فرمان,,
5,فرنگی,,
5,فرهنگ,,
5,فروند,,
5,فروهر,,
5,فسفری,,
5,فنجان,,
5,فندقی,,
5,فوران,,
5,فیزیک,,
5,قاعده,,
5,قانون,,
5,قبیله,,
5,قزوین,,
5,قضاوت,,
5,لاتین,,
5,لایچی,,
5,لبنان,,
5,لونگی,,
5,لپتاپ,,
5,لیوان,,
5,ماشین,,
5,مالزی,,
5,مامور,,
5,مانتو,,
5,ماندن,,
5,مانند,,
5,مانور,,
5,ماهور,,
5,مبارز,,
5,متخصص,,
5,متروک,,
5,متریک,,
5,متوسط,,
5,متولی,,
5,مجریه,,
5,مجسمه,,
5,محافظ,,
5,محترم,,
5,محدود,,
5,مخاطب,,
5,مخالف,,
5,مخلوط,,
5,مراکش,,
5,مرحله,,
5,مزایا,,
5,مساوی,,
5,مشاور,,
5,مشتری,,
5,مشورت,,
5,معارف,,
5,معاون,,
5,معرفت,,
5,معروف,,
5,معصوم,,
5,ملایم,,
5,ملکیت,,
5,ملینا,,
5,مناره,,
5,مهران,,
5,مهمان,,
5,مهندس,,
5,مهیار,,
5,موتور,,
5,مورچه,,
5,موزیک,,
5,مکتوب,,
5,مکزیک,,
5,میانه,,
5,میترا,,
5,میدان,,
5,میرزا,,
5,میمون,,
5,میکرو,,
5,ناخدا,,
5,نارنج,,
5,نارگل,,
5,ناموس,,
5,نانوا,,
5,نجومی,,
5,نرمال,,
5,نرگسی,,
5,نظامی,,
5,نقاشی,,
5,نمایش,,
5,نهایی,,
5,نوزده,,
5,نگارش,,
5,نیایش,,
5,نیترو,,
5,نیمرو,,
5,نیمکت,,
5,نینجا,,
5,هایما,,
5,هلویی,,
5,همدان,,
5,همرنگ,,
5,هموار,,
5,همگان,,
5,هنگام,,
5,وسایل,,
5,وسترن,,
5,ویران,,
5,پارچه,,
5,پاندا,,
5,پاککن,,
5,پایان,,
5,پراید,,
5,پرتاب,,
5,پرستو,,
5,پروژه,,
5,پرچین,,
5,پستان,,
5,پنجره,,
5,پژوهش,,
5,پیانو,,
5,پیتزا,,
5,پیوست,,
5,پیکار,,
5,پیکان,,
5,چاخان,,
5,چالوس,,
5,چریدن,,
5,چغندر,,
5,چنگال,,
5,چوپان,,
5,چوگان,,
5,کارتن,,
5,کارون,,
5,کارگر,,
5,کاسکت,,
5,کامنت,,
5,کبریا,,
5,کبریت,,
5,کرمان,,
5,کروات,,
5,کرگدن,,
5,کلاهک,,
5,کلمات,,
5,کلوچه,,
5,کمرنک,,
5,کن دو,,
5,کنترل,,
5,کوالا,,
5,کودتا,,
5,کوروش,,
5,کوفته,,
5,کومور,,
5,کیمیا,,
5,کیهان,,
5,گاراژ,,
5,گرامی,,
5,گرانش,,
5,گردان,,
5,گرمکن,,
5,گزارش,,
5,گزینش,,
5,گشنیز,,
5,گلابی,,
5,گلبهی,,
5,گلدان,,
5,گلزرد,,
5,گنجشک,,
5,گوارا,,
5,گواوا,,
5,گورخر,,
5,گویان,,
5,گیلاس,,
5,یازده,,
5,یاسمن,,
5,یخچال,,
5,یونان,,
5,یکدست,,
6,ابریشم,,
6,ابمیوه,,
6,ابگوشت,,
6,اتوبوس,,
6,اجتماع,,
6,اجرایی,,
6,ادیسون,,
6,ارجمند,,
6,اردشیر,,
6,اریتره,,
6,ازدواج,,
6,ازمایش,,
6,استوار,,
6,استونی,,
6,استکان,,
6,اسرولا,,
6,اسلامی,,
6,اسنوکر,,
6,اسپیکر,,
6,اسکوتر,,
6,اشتباه,,
6,اصفهان,,
6,اغازین,,
6,افریقا,,
6,افزودن,,
6,امتیاز,,
6,امریکا,,
6,اناناس,,
6,اندازه,,
6,اندورا,,
6,انقلاب,,
6,انگشتر,,
6,انگورک,,
6,اهریمن,,
6,ایسلند,,
6,اینستا,,
6,بازگشت,,
6,بازیکن,,
6,بازیگر,,
6,باسبال,,
6,باغدار,,
6,باقلوا,,
6,بامداد,,
6,باهاما,,
6,بخشدار,,
6,برابری,,
6,برنامه,,
6,بریانی,,
6,بلاروس,,
6,بهترین,,
6,بهداشت,,
6,بولانی,,
6,بولیوی,,
6,بی ادب,,
6,بی حال,,
6,بی صدا,,
6,بیشعور,,
6,تای چی,,
6,تایلند,,
6,تریاکی,,
6,تلفنچی,,
6,تلگرام,,
6,ته چین,,
6,توریست,,
6,توییتر,,
6,تیمسار,,
6,جالباس,,
6,جاندار,,
6,جمهوری,,
6,جوشکار,,
6,جیبوتی,,
6,حبوبات,,
6,خارگیل,,
6,خاگینه,,
6,خدایار,,
6,خراسان,,
6,خرمالو,,
6,خرمایی,,
6,خرمشهر,,
6,خشایار,,
6,خشکبار,,
6,خطرناک,,
6,خودکار,,
6,خوراکی,,
6,خوشگلی,,
6,خیابان,,
6,دادگاه,,
6,دارابی,,
6,داربست,,
6,دارچین,,
6,دارکوب,,
6,داریوش,,
6,دبستان,,
6,دروازه,,
6,دریافت,,
6,دستمال,,
6,دستگاه,,
6,دلفینی,,
6,دماوند,,
6,دمپختک,,
6,دوازده,,
6,دومینو,,
6,دوچرخه,,
6,رامتین,,
6,راننده,,
6,راهنما,,
6,رایانه,,
6,رنگینک,,
6,روزگار,,
6,رومانی,,
6,روناسی,,
6,رونوشت,,
6,زامبیا,,
6,زانتیا,,
6,زردالو,,
6,زنگوله,,
6,زولبیا,,
6,زیبارو,,
6,زیتونی,,
6,ساربان,,
6,ساندرو,,
6,سایبری,,
6,سخنران,,
6,سرخابی,,
6,سرخالو,,
6,سفالگر,,
6,سلامتی,,
6,سمبوسه,,
6,سنجاقک,,
6,سومالی,,
6,سونامی,,
6,سیبنال,,
6,سیخونک,,
6,شترمرغ,,
6,شفتالو,,
6,شنونده,,
6,شنگرفی,,
6,شهردار,,
6,شیرینی,,
6,عنکبوت,,
6,فالوده,,
6,فرانسه,,
6,فسنجان,,
6,فلسطین,,
6,فناورد,,
6,فنلاند,,
6,فوتبال,,
6,فوتسال,,
6,فولادی,,
6,فیروزه,,
6,قابلمه,,
6,قنددان,,
6,لاستیک,,
6,لرستان,,
6,لهستان,,
6,لواشکی,,
6,ماتریس,,
6,مازیار,,
6,متالیک,,
6,مجموعه,,
6,محافظت,,
6,مرجانی,,
6,مرغابی,,
6,مسابقه,,
6,مسافرت,,
6,مستاجر,,
6,مصاحبه,,
6,معاوضه,,
6,معدنچی,,
6,مهربان,,
6,مهرگان,,
6,موبایل,,
6,موسیقی,,
6,ناراحت,,
6,نارنگی,,
6,نارگیل,,
6,ناگوار,,
6,نسکافه,,
6,نمکدان,,
6,نمکدون,,
6,نوشابه,,
6,نگهبان,,
6,نیجریه,,
6,هندبال,,
6,هنرمند,,
6,ورامین,,
6,ویتنام,,
6,پادشاه,,
6,پارکور,,
6,پاستور,,
6,پاستیل,,
6,پاسدار,,
6,پاناما,,
6,پانزده,,
6,پاپایا,,
6,پاپیون,,
6,پدافند,,
6,پرتغال,,
6,پرتقال,,
6,پرستار,,
6,پروانه,,
6,پستانک,,
6,پهلوان,,
6,پیامبر,,
6,پیشرفت,,
6,پیچیدن,,
6,پیژامه,,
6,چانگان,,
6,چهارده,,
6,کاراته,,
6,کارمند,,
6,کافینت,,
6,کامبوج,,
6,کامرون,,
6,کامیون,,
6,کرواسی,,
6,کشاورز,,
6,کشتزار,,
6,کلمبیا,,
6,کمبوزه,,
6,کمربند,,
6,کیبورد,,
6,کیچیری,,
6,گارسون,,
6,گرنادا,,
6,گل سرخ,,
6,گلستان,,
6,گوساله,,
6,گوسفند,,
6,گیلاسی,,
6,یارانه,,
6,یاقوتی,,
6,یاکریم,,
7,اب نبات,,
7,ابدارچی,,
7,ابراهیم,,
7,اتفاقات,,
7,اتوبخار,,
7,ارایشگر,,
7,اردوگاه,,
7,ارغوانی,,
7,اسانسور,,
7,استعداد,,
7,استقلال,,
7,استوانه,,
7,اسپانیا,,
7,انبردست,,
7,انیشتین,,
7,اوانتاژ,,
7,اکوادور,,
7,ایتالیا,,
7,اینترنت,,
7,بافندگی,,
7,بانکدار,,
7,برلیانس,,
7,بسکتبال,,
7,بلدرچین,,
7,تبلیغات,,
7,تخم مرغ,,
7,تراکتور,,
7,ترمینال,,
7,تروریست,,
7,تکواندو,,
7,جامدادی,,
7,جشنواره,,
7,جهانگرد,,
7,جوجیتسو,,
7,خانواده,,
7,خواننده,,
7,خوزستان,,
7,دارچینی,,
7,داشبورد,,
7,دامپزشک,,
7,دانشکده,,
7,دانشگاه,,
7,دانمارک,,
7,دگرگونی,,
7,دینامیت,,
7,راه پله,,
7,رختخواب,,
7,رصدخانه,,
7,رودخانه,,
7,روشنایی,,
7,زالزالک,,
7,زعفرانی,,
7,ساختمان,,
7,سرایدار,,
7,سه چرخه,,
7,شالگردن,,
7,شالیزار,,
7,شش گوشه,,
7,شله زرد,,
7,شیربرنج,,
7,شیرشکری,,
7,صربستان,,
7,عبدالله,,
7,عربستان,,
7,فراورده,,
7,فروشنده,,
7,فضانورد,,
7,فنلاندی,,
7,فیس بوک,,
7,لاجوردی,,
7,ماش پلو,,
7,ماموریت,,
7,ماهگونی,,
7,ماهیگیر,,
7,محمدرضا,,
7,مسافرکش,,
7,موریانه,,
7,موی تای,,
7,میانسال,,
7,میانمار,,
7,نیم تنه,,
7,هارمونی,,
7,هاپکیدو,,
7,هرمزگان,,
7,هفت سنگ,,
7,هندوانه,,
7,هندوراس,,
7,هنرستان,,
7,هنرپیشه,,
7,هواپیما,,
7,والیبال,,
7,ولنتاین,,
7,پارکینگ,,
7,پاسپورت,,
7,پاکستان,,
7,پرستاری,,
7,پرکلاغی,,
7,پلاستیک,,
7,پژوپارس,,
7,پیراشکی,,
7,پیشخدمت,,
7,پیشرفته,,
7,پیشنهاد,,
7,پیشکسوت,,
7,کاراموز,,
7,کارشناس,,
7,کانگورو,,
7,کردستان,,
7,کشاورزی,,
7,کلم پلو,,
7,کونگ فو,,
7,کوهستان,,
7,کیلومتر,,
7,گاوچران,,
7,گرجستان,,
7,گروهبان,,
7,گزارشگر,,
7,گله دار,,
7,یادداشت,,
7,یخبندان,,
7,یوزپلنگ,,
8,اتش نشان,,
8,ازبکستان,,
8,استخوانی,,
8,استرالیا,,
8,اموزشگاه,,
8,انگشتانه,,
8,اپارتمان,,
8,بادمجونی,,
8,بازنشسته,,
8,باله شنا,,
8,بیسیم چی,,
8,تعمیرکار,,
8,خوش نویس,,
8,دبیرستان,,
8,راهنمایی,,
8,رزایرانی,,
8,ساعت ساز,,
8,شال گردن,,
8,شنوندگان,,
8,شیشه ساز,,
8,عینک ساز,,
8,فرماندار,,
8,قایقرانی,,
8,ماکارانی,,
8,مجارستان,,
8,نهنگ ابی,,
8,چشم پزشک,,
8,کارگردان,,
8,کام کوات,,
8,کت شلوار,,
8,کره زمین,,
8,کفش جوزک,,
9,تیراندازی,,
9,روان شناس,,
9,مجسمه ساز,,
9,نخست وزیر,,
9,پیچ گوشتی,,
